<?xml version="1.0" encoding="UTF-8"?>
<DepedendencyGraph version="1.1"><Nodes><Node type="urn:com:soa:ObjectKey"><ObjectKey class="com.soa.wsdl.model.impl.WsdlInterfaceImpl">uddi:481d7bde-b370-8948-20f0-9c6c9a41ddc0</ObjectKey><property class="java.lang.String" name="_NAME_" type="urn:com:soa:SimpleProperty">{https://api.smartystreets.com}SmartyStreets_PortType</property></Node><Node type="urn:com:soa:ObjectKey"><ObjectKey class="com.soa.policy.config.model.PolicyKey">urn:uuid:c56ee731-b941-11e4-af71-ed37aa118edd</ObjectKey><property class="java.lang.String" name="_NAME_" type="urn:com:soa:SimpleProperty">SmartyStreet-HelloWorldConfig</property></Node><Node type="urn:com:soa:ObjectKey"><ObjectKey class="com.soa.service.operation.model.OperationKey">ba0a8743-b94d-11e4-af71-ed37aa118edd</ObjectKey></Node><Node type="urn:com:soa:ObjectKey"><ObjectKey class="com.soa.service.operation.model.OperationKey">ba0b2385-b94d-11e4-af71-ed37aa118edd</ObjectKey></Node><Node type="urn:com:soa:ObjectKey"><ObjectKey class="com.soa.service.operation.model.OperationKey">ba0be6da-b94d-11e4-af71-ed37aa118edd</ObjectKey></Node><Node type="urn:com:soa:ObjectKey"><ObjectKey class="com.soa.service.model.ServiceKey">uddi:3587146b-b94e-11e4-af71-ed37aa118edd</ObjectKey><property class="java.lang.String" name="_NAME_" type="urn:com:soa:SimpleProperty">SmartyStreets_HelloWorldIntegration_vs0</property></Node><Node type="urn:com:soa:ObjectKey"><ObjectKey class="com.soa.svccontainer.ContainerKey">cade2f1a-6243-485f-b056-78b682ca</ObjectKey><property class="java.lang.String" name="_NAME_" type="urn:com:soa:SimpleProperty">PMC</property></Node><Node type="urn:com:soa:ObjectKey"><ObjectKey class="com.soa.bpel.BpelKey">bpel:35a17a42-b94e-11e4-af71-ed37aa118edd</ObjectKey></Node><Node type="urn:com:soa:ObjectKey"><ObjectKey class="com.soa.service.operation.model.OperationKey">359b119f-b94e-11e4-af71-ed37aa118edd</ObjectKey></Node><Node type="urn:com:soa:ObjectKey"><ObjectKey class="com.soa.wsdl.model.impl.WsdlBindingImpl">uddi:051e7c94-47b4-3973-57ef-ad9a9adb9072</ObjectKey><property class="java.lang.String" name="_NAME_" type="urn:com:soa:SimpleProperty">{https://localhost:9901/helloworld}SmartyStreets_HelloWorldIntegration_Binding</property></Node><Node type="urn:com:soa:ObjectKey"><ObjectKey class="com.soa.wsdl.model.impl.WsdlInterfaceImpl">uddi:ebbd687f-505d-f42e-9a6d-aa33d37f751e</ObjectKey><property class="java.lang.String" name="_NAME_" type="urn:com:soa:SimpleProperty">{https://localhost:9901/helloworld}SmartyStreets_HelloWorldIntegration_PortType</property></Node><Node type="urn:com:soa:ObjectKey"><ObjectKey class="com.soa.scripts.ScriptKey">script:8b175397-b93e-11e4-af71-ed37aa118edd</ObjectKey><property class="java.lang.String" name="_NAME_" type="urn:com:soa:SimpleProperty">OpenAPI-Common</property></Node><Node type="urn:com:soa:ObjectKey"><ObjectKey class="com.soa.wsdl.model.impl.WsdlBindingImpl">uddi:4e39f92b-a859-e76a-ba02-ed30c256bd95</ObjectKey><property class="java.lang.String" name="_NAME_" type="urn:com:soa:SimpleProperty">{https://api.smartystreets.com}SmartyStreets_Binding</property></Node><Node type="urn:com:soa:ObjectKey"><ObjectKey class="com.soa.service.operation.model.OperationKey">357f2527-b94e-11e4-af71-ed37aa118edd</ObjectKey></Node><Node type="urn:com:soa:ObjectKey"><ObjectKey class="com.soa.service.operation.model.BindingOperationQualifiedKey">{https://api.smartystreets.com}SmartyStreets$$${https://api.smartystreets.com}SmartyStreets_Binding$$$GET__zipcode</ObjectKey></Node><Node type="urn:com:soa:ObjectKey"><ObjectKey class="com.soa.security.util.QualifiedUserName">Local Domain\EfMy2usyKRDifzj1IdbZbw==</ObjectKey></Node><Node type="urn:com:soa:ObjectKey"><ObjectKey class="com.soa.service.operation.model.BindingOperationQualifiedKey">{https://api.smartystreets.com}SmartyStreets$$${https://api.smartystreets.com}SmartyStreets_Binding$$$POST__street-address</ObjectKey></Node><Node type="urn:com:soa:ObjectKey"><ObjectKey class="com.soa.service.model.ServiceKey">uddi:b9ebdbaf-b94d-11e4-af71-ed37aa118edd</ObjectKey><property class="java.lang.String" name="_NAME_" type="urn:com:soa:SimpleProperty">SmartyStreets</property></Node><Node type="urn:com:soa:ObjectKey"><ObjectKey class="com.soa.service.operation.model.BindingOperationQualifiedKey">{https://api.smartystreets.com}SmartyStreets$$${https://api.smartystreets.com}SmartyStreets_Binding$$$GET__street-address</ObjectKey></Node><Node type="urn:com:soa:ObjectKey"><ObjectKey class="com.soa.service.operation.model.BindingOperationQualifiedKey">{https://localhost:9901/helloworld}SmartyStreets_HelloWorldIntegration_vs0$$${https://localhost:9901/helloworld}SmartyStreets_HelloWorldIntegration_Binding$$$GET__validateStreet</ObjectKey></Node><Node type="urn:com:soa:ObjectKey"><ObjectKey class="com.soa.service.endpoint.EndpointKey">uddi:358391fa-b94e-11e4-af71-ed37aa118edd</ObjectKey></Node><Node type="urn:com:soa:ObjectKey"><ObjectKey class="com.soa.service.operation.model.OperationKey">ba0b98b8-b94d-11e4-af71-ed37aa118edd</ObjectKey></Node><Node type="urn:com:soa:ObjectKey"><ObjectKey class="com.soa.security.util.QualifiedUserName">Local Domain\EwWzwgb4TEBcSd14WT#tHA==</ObjectKey></Node><Node type="urn:com:soa:ObjectKey"><ObjectKey class="com.soa.service.model.ServiceKey">uddi:3554b9c3-b94e-11e4-af71-ed37aa118edd</ObjectKey><property class="java.lang.String" name="_NAME_" type="urn:com:soa:SimpleProperty">SmartyStreets_HelloWorldIntegration</property></Node><Node type="urn:com:soa:ObjectKey"><ObjectKey class="com.soa.contracts.ContractKey">19abc5d3-b94f-11e4-af71-ed37aa118edd:1042</ObjectKey><property class="java.lang.String" name="_NAME_" type="urn:com:soa:SimpleProperty">SmartyStreet_Open</property></Node><Node type="urn:com:soa:ObjectKey"><ObjectKey class="com.soa.policy.config.model.PolicyKey">DetailedAuditing</ObjectKey><property class="java.lang.String" name="_NAME_" type="urn:com:soa:SimpleProperty">DetailedAuditing</property></Node><Node type="urn:com:soa:ObjectKey"><ObjectKey class="com.soa.policy.config.model.PolicyKey">urn:uuid:3ffeee01-b93e-11e4-af71-ed37aa118edd</ObjectKey><property class="java.lang.String" name="_NAME_" type="urn:com:soa:SimpleProperty">SmartyStreet_SecurityPolicy</property></Node><Node type="urn:com:soa:ObjectKey"><ObjectKey class="com.soa.service.endpoint.EndpointKey">uddi:35aaa204-b94e-11e4-af71-ed37aa118edd</ObjectKey></Node><Node type="urn:com:soa:ObjectKey"><ObjectKey class="com.soa.service.operation.model.BindingOperationQualifiedKey">{https://api.smartystreets.com}SmartyStreets$$${https://api.smartystreets.com}SmartyStreets_Binding$$$POST__zipcode</ObjectKey></Node><Node type="urn:com:soa:ObjectKey"><ObjectKey class="com.soa.service.endpoint.EndpointKey">uddi:ba13d621-b94d-11e4-af71-ed37aa118edd</ObjectKey></Node><Node type="urn:com:soa:ObjectKey"><ObjectKey class="com.soa.security.util.QualifiedUserName">Local Domain\rtb4vY8AhrR3gvHpBKanpQ==</ObjectKey></Node><Node type="urn:com:soa:ObjectKey"><ObjectKey class="com.soa.organization.model.OrganizationKey">uddi:002f2877-b3cf-11e4-afde-a0315094459e</ObjectKey><property class="java.lang.String" name="_NAME_" type="urn:com:soa:SimpleProperty">SmartyStreetOrg</property></Node><Node type="urn:com:soa:ObjectKey"><ObjectKey class="com.soa.service.operation.model.BindingOperationQualifiedKey">{https://localhost:9901/helloworld}SmartyStreets_HelloWorldIntegration$$${https://localhost:9901/helloworld}SmartyStreets_HelloWorldIntegration_Binding$$$GET__validateStreet</ObjectKey></Node></Nodes><Links><Link type="endpoint->service:parent"><From><Node type="urn:com:soa:ObjectKey"><ObjectKey class="com.soa.service.endpoint.EndpointKey">uddi:35aaa204-b94e-11e4-af71-ed37aa118edd</ObjectKey></Node></From><To><Node type="urn:com:soa:ObjectKey"><ObjectKey class="com.soa.service.model.ServiceKey">uddi:3587146b-b94e-11e4-af71-ed37aa118edd</ObjectKey></Node></To></Link><Link type="contract->org:parent"><From><Node type="urn:com:soa:ObjectKey"><ObjectKey class="com.soa.contracts.ContractKey">19abc5d3-b94f-11e4-af71-ed37aa118edd:1042</ObjectKey></Node></From><To><Node type="urn:com:soa:ObjectKey"><ObjectKey class="com.soa.organization.model.OrganizationKey">uddi:002f2877-b3cf-11e4-afde-a0315094459e</ObjectKey></Node></To></Link><Link type="org->service:child"><From><Node type="urn:com:soa:ObjectKey"><ObjectKey class="com.soa.organization.model.OrganizationKey">uddi:002f2877-b3cf-11e4-afde-a0315094459e</ObjectKey></Node></From><To><Node type="urn:com:soa:ObjectKey"><ObjectKey class="com.soa.service.model.ServiceKey">uddi:3554b9c3-b94e-11e4-af71-ed37aa118edd</ObjectKey></Node></To></Link><Link type="script->organization:refer"><From><Node type="urn:com:soa:ObjectKey"><ObjectKey class="com.soa.scripts.ScriptKey">script:8b175397-b93e-11e4-af71-ed37aa118edd</ObjectKey></Node></From><To><Node type="urn:com:soa:ObjectKey"><ObjectKey class="com.soa.organization.model.OrganizationKey">uddi:002f2877-b3cf-11e4-afde-a0315094459e</ObjectKey></Node></To></Link><Link type="service->org:parent"><From><Node type="urn:com:soa:ObjectKey"><ObjectKey class="com.soa.service.model.ServiceKey">uddi:b9ebdbaf-b94d-11e4-af71-ed37aa118edd</ObjectKey></Node></From><To><Node type="urn:com:soa:ObjectKey"><ObjectKey class="com.soa.organization.model.OrganizationKey">uddi:002f2877-b3cf-11e4-afde-a0315094459e</ObjectKey></Node></To></Link><Link type="interface->service:implements"><From><Node type="urn:com:soa:ObjectKey"><ObjectKey class="com.soa.wsdl.model.impl.WsdlInterfaceImpl">uddi:481d7bde-b370-8948-20f0-9c6c9a41ddc0</ObjectKey></Node></From><To><Node type="urn:com:soa:ObjectKey"><ObjectKey class="com.soa.service.model.ServiceKey">uddi:b9ebdbaf-b94d-11e4-af71-ed37aa118edd</ObjectKey></Node></To></Link><Link type="service->bndoperation:child"><From><Node type="urn:com:soa:ObjectKey"><ObjectKey class="com.soa.service.model.ServiceKey">uddi:b9ebdbaf-b94d-11e4-af71-ed37aa118edd</ObjectKey></Node></From><To><Node type="urn:com:soa:ObjectKey"><ObjectKey class="com.soa.service.operation.model.BindingOperationQualifiedKey">{https://api.smartystreets.com}SmartyStreets$$${https://api.smartystreets.com}SmartyStreets_Binding$$$POST__zipcode</ObjectKey></Node></To></Link><Link type="org->contract:child"><From><Node type="urn:com:soa:ObjectKey"><ObjectKey class="com.soa.organization.model.OrganizationKey">uddi:002f2877-b3cf-11e4-afde-a0315094459e</ObjectKey></Node></From><To><Node type="urn:com:soa:ObjectKey"><ObjectKey class="com.soa.contracts.ContractKey">19abc5d3-b94f-11e4-af71-ed37aa118edd:1042</ObjectKey></Node></To></Link><Link type="service->interface:ImplementedBy"><From><Node type="urn:com:soa:ObjectKey"><ObjectKey class="com.soa.service.model.ServiceKey">uddi:3554b9c3-b94e-11e4-af71-ed37aa118edd</ObjectKey></Node></From><To><Node type="urn:com:soa:ObjectKey"><ObjectKey class="com.soa.wsdl.model.impl.WsdlInterfaceImpl">uddi:ebbd687f-505d-f42e-9a6d-aa33d37f751e</ObjectKey></Node></To></Link><Link type="contract->service:ReferedBy"><From><Node type="urn:com:soa:ObjectKey"><ObjectKey class="com.soa.contracts.ContractKey">19abc5d3-b94f-11e4-af71-ed37aa118edd:1042</ObjectKey></Node></From><To><Node type="urn:com:soa:ObjectKey"><ObjectKey class="com.soa.service.model.ServiceKey">uddi:3587146b-b94e-11e4-af71-ed37aa118edd</ObjectKey></Node></To></Link><Link type="bndoperation->service:parent"><From><Node type="urn:com:soa:ObjectKey"><ObjectKey class="com.soa.service.operation.model.BindingOperationQualifiedKey">{https://api.smartystreets.com}SmartyStreets$$${https://api.smartystreets.com}SmartyStreets_Binding$$$POST__zipcode</ObjectKey></Node></From><To><Node type="urn:com:soa:ObjectKey"><ObjectKey class="com.soa.service.model.ServiceKey">uddi:b9ebdbaf-b94d-11e4-af71-ed37aa118edd</ObjectKey></Node></To></Link><Link type="endpoint->service:parent"><From><Node type="urn:com:soa:ObjectKey"><ObjectKey class="com.soa.service.endpoint.EndpointKey">uddi:ba13d621-b94d-11e4-af71-ed37aa118edd</ObjectKey></Node></From><To><Node type="urn:com:soa:ObjectKey"><ObjectKey class="com.soa.service.model.ServiceKey">uddi:b9ebdbaf-b94d-11e4-af71-ed37aa118edd</ObjectKey></Node></To></Link><Link type="operational_policy->org:parent"><From><Node type="urn:com:soa:ObjectKey"><ObjectKey class="com.soa.policy.config.model.PolicyKey">urn:uuid:c56ee731-b941-11e4-af71-ed37aa118edd</ObjectKey></Node></From><To><Node type="urn:com:soa:ObjectKey"><ObjectKey class="com.soa.organization.model.OrganizationKey">uddi:002f2877-b3cf-11e4-afde-a0315094459e</ObjectKey></Node></To></Link><Link type="identity->service:ReferredBy"><From><Node type="urn:com:soa:ObjectKey"><ObjectKey class="com.soa.security.util.QualifiedUserName">Local Domain\EfMy2usyKRDifzj1IdbZbw==</ObjectKey></Node></From><To><Node type="urn:com:soa:ObjectKey"><ObjectKey class="com.soa.service.model.ServiceKey">uddi:b9ebdbaf-b94d-11e4-af71-ed37aa118edd</ObjectKey></Node></To></Link><Link type="service->identity:refer"><From><Node type="urn:com:soa:ObjectKey"><ObjectKey class="com.soa.service.model.ServiceKey">uddi:b9ebdbaf-b94d-11e4-af71-ed37aa118edd</ObjectKey></Node></From><To><Node type="urn:com:soa:ObjectKey"><ObjectKey class="com.soa.security.util.QualifiedUserName">Local Domain\EfMy2usyKRDifzj1IdbZbw==</ObjectKey></Node></To></Link><Link type="organization->script:ReferedBy"><From><Node type="urn:com:soa:ObjectKey"><ObjectKey class="com.soa.organization.model.OrganizationKey">uddi:002f2877-b3cf-11e4-afde-a0315094459e</ObjectKey></Node></From><To><Node type="urn:com:soa:ObjectKey"><ObjectKey class="com.soa.scripts.ScriptKey">script:8b175397-b93e-11e4-af71-ed37aa118edd</ObjectKey></Node></To></Link><Link type="operation->service:parent"><From><Node type="urn:com:soa:ObjectKey"><ObjectKey class="com.soa.service.operation.model.OperationKey">359b119f-b94e-11e4-af71-ed37aa118edd</ObjectKey></Node></From><To><Node type="urn:com:soa:ObjectKey"><ObjectKey class="com.soa.service.model.ServiceKey">uddi:3587146b-b94e-11e4-af71-ed37aa118edd</ObjectKey></Node></To></Link><Link type="service->binding:ImplementedBy"><From><Node type="urn:com:soa:ObjectKey"><ObjectKey class="com.soa.service.model.ServiceKey">uddi:3554b9c3-b94e-11e4-af71-ed37aa118edd</ObjectKey></Node></From><To><Node type="urn:com:soa:ObjectKey"><ObjectKey class="com.soa.wsdl.model.impl.WsdlBindingImpl">uddi:051e7c94-47b4-3973-57ef-ad9a9adb9072</ObjectKey></Node></To></Link><Link type="service->operationalpolicy:ReferedBy"><From><Node type="urn:com:soa:ObjectKey"><ObjectKey class="com.soa.service.model.ServiceKey">uddi:3587146b-b94e-11e4-af71-ed37aa118edd</ObjectKey></Node></From><To><Node type="urn:com:soa:ObjectKey"><ObjectKey class="com.soa.policy.config.model.PolicyKey">DetailedAuditing</ObjectKey></Node></To></Link><Link type="identity->service:ReferredBy"><From><Node type="urn:com:soa:ObjectKey"><ObjectKey class="com.soa.security.util.QualifiedUserName">Local Domain\EwWzwgb4TEBcSd14WT#tHA==</ObjectKey></Node></From><To><Node type="urn:com:soa:ObjectKey"><ObjectKey class="com.soa.service.model.ServiceKey">uddi:3554b9c3-b94e-11e4-af71-ed37aa118edd</ObjectKey></Node></To></Link><Link type="service->identity:refer"><From><Node type="urn:com:soa:ObjectKey"><ObjectKey class="com.soa.service.model.ServiceKey">uddi:3554b9c3-b94e-11e4-af71-ed37aa118edd</ObjectKey></Node></From><To><Node type="urn:com:soa:ObjectKey"><ObjectKey class="com.soa.security.util.QualifiedUserName">Local Domain\EwWzwgb4TEBcSd14WT#tHA==</ObjectKey></Node></To></Link><Link type="binding->service:implements"><From><Node type="urn:com:soa:ObjectKey"><ObjectKey class="com.soa.wsdl.model.impl.WsdlBindingImpl">uddi:051e7c94-47b4-3973-57ef-ad9a9adb9072</ObjectKey></Node></From><To><Node type="urn:com:soa:ObjectKey"><ObjectKey class="com.soa.service.model.ServiceKey">uddi:3587146b-b94e-11e4-af71-ed37aa118edd</ObjectKey></Node></To></Link><Link type="org->operational_policy:child"><From><Node type="urn:com:soa:ObjectKey"><ObjectKey class="com.soa.organization.model.OrganizationKey">uddi:002f2877-b3cf-11e4-afde-a0315094459e</ObjectKey></Node></From><To><Node type="urn:com:soa:ObjectKey"><ObjectKey class="com.soa.policy.config.model.PolicyKey">urn:uuid:c56ee731-b941-11e4-af71-ed37aa118edd</ObjectKey></Node></To></Link><Link type="service->operationalpolicy:ReferedBy"><From><Node type="urn:com:soa:ObjectKey"><ObjectKey class="com.soa.service.model.ServiceKey">uddi:b9ebdbaf-b94d-11e4-af71-ed37aa118edd</ObjectKey></Node></From><To><Node type="urn:com:soa:ObjectKey"><ObjectKey class="com.soa.policy.config.model.PolicyKey">urn:uuid:3ffeee01-b93e-11e4-af71-ed37aa118edd</ObjectKey></Node></To></Link><Link type="identity->service:ReferredBy"><From><Node type="urn:com:soa:ObjectKey"><ObjectKey class="com.soa.security.util.QualifiedUserName">Local Domain\rtb4vY8AhrR3gvHpBKanpQ==</ObjectKey></Node></From><To><Node type="urn:com:soa:ObjectKey"><ObjectKey class="com.soa.service.model.ServiceKey">uddi:3587146b-b94e-11e4-af71-ed37aa118edd</ObjectKey></Node></To></Link><Link type="service->identity:refer"><From><Node type="urn:com:soa:ObjectKey"><ObjectKey class="com.soa.service.model.ServiceKey">uddi:3587146b-b94e-11e4-af71-ed37aa118edd</ObjectKey></Node></From><To><Node type="urn:com:soa:ObjectKey"><ObjectKey class="com.soa.security.util.QualifiedUserName">Local Domain\rtb4vY8AhrR3gvHpBKanpQ==</ObjectKey></Node></To></Link><Link type="service->operation:child"><From><Node type="urn:com:soa:ObjectKey"><ObjectKey class="com.soa.service.model.ServiceKey">uddi:b9ebdbaf-b94d-11e4-af71-ed37aa118edd</ObjectKey></Node></From><To><Node type="urn:com:soa:ObjectKey"><ObjectKey class="com.soa.service.operation.model.OperationKey">ba0b2385-b94d-11e4-af71-ed37aa118edd</ObjectKey></Node></To></Link><Link type="service->operation:child"><From><Node type="urn:com:soa:ObjectKey"><ObjectKey class="com.soa.service.model.ServiceKey">uddi:b9ebdbaf-b94d-11e4-af71-ed37aa118edd</ObjectKey></Node></From><To><Node type="urn:com:soa:ObjectKey"><ObjectKey class="com.soa.service.operation.model.OperationKey">ba0be6da-b94d-11e4-af71-ed37aa118edd</ObjectKey></Node></To></Link><Link type="operation->service:parent"><From><Node type="urn:com:soa:ObjectKey"><ObjectKey class="com.soa.service.operation.model.OperationKey">357f2527-b94e-11e4-af71-ed37aa118edd</ObjectKey></Node></From><To><Node type="urn:com:soa:ObjectKey"><ObjectKey class="com.soa.service.model.ServiceKey">uddi:3554b9c3-b94e-11e4-af71-ed37aa118edd</ObjectKey></Node></To></Link><Link type="interface->binding:implements"><From><Node type="urn:com:soa:ObjectKey"><ObjectKey class="com.soa.wsdl.model.impl.WsdlInterfaceImpl">uddi:481d7bde-b370-8948-20f0-9c6c9a41ddc0</ObjectKey></Node></From><To><Node type="urn:com:soa:ObjectKey"><ObjectKey class="com.soa.wsdl.model.impl.WsdlBindingImpl">uddi:4e39f92b-a859-e76a-ba02-ed30c256bd95</ObjectKey></Node></To></Link><Link type="service->operation:child"><From><Node type="urn:com:soa:ObjectKey"><ObjectKey class="com.soa.service.model.ServiceKey">uddi:b9ebdbaf-b94d-11e4-af71-ed37aa118edd</ObjectKey></Node></From><To><Node type="urn:com:soa:ObjectKey"><ObjectKey class="com.soa.service.operation.model.OperationKey">ba0a8743-b94d-11e4-af71-ed37aa118edd</ObjectKey></Node></To></Link><Link type="binding->interface:ImplementedBy"><From><Node type="urn:com:soa:ObjectKey"><ObjectKey class="com.soa.wsdl.model.impl.WsdlBindingImpl">uddi:051e7c94-47b4-3973-57ef-ad9a9adb9072</ObjectKey></Node></From><To><Node type="urn:com:soa:ObjectKey"><ObjectKey class="com.soa.wsdl.model.impl.WsdlInterfaceImpl">uddi:ebbd687f-505d-f42e-9a6d-aa33d37f751e</ObjectKey></Node></To></Link><Link type="service->bndoperation:child"><From><Node type="urn:com:soa:ObjectKey"><ObjectKey class="com.soa.service.model.ServiceKey">uddi:b9ebdbaf-b94d-11e4-af71-ed37aa118edd</ObjectKey></Node></From><To><Node type="urn:com:soa:ObjectKey"><ObjectKey class="com.soa.service.operation.model.BindingOperationQualifiedKey">{https://api.smartystreets.com}SmartyStreets$$${https://api.smartystreets.com}SmartyStreets_Binding$$$POST__street-address</ObjectKey></Node></To></Link><Link type="operation->service:parent"><From><Node type="urn:com:soa:ObjectKey"><ObjectKey class="com.soa.service.operation.model.OperationKey">ba0b98b8-b94d-11e4-af71-ed37aa118edd</ObjectKey></Node></From><To><Node type="urn:com:soa:ObjectKey"><ObjectKey class="com.soa.service.model.ServiceKey">uddi:b9ebdbaf-b94d-11e4-af71-ed37aa118edd</ObjectKey></Node></To></Link><Link type="org->service:child"><From><Node type="urn:com:soa:ObjectKey"><ObjectKey class="com.soa.organization.model.OrganizationKey">uddi:002f2877-b3cf-11e4-afde-a0315094459e</ObjectKey></Node></From><To><Node type="urn:com:soa:ObjectKey"><ObjectKey class="com.soa.service.model.ServiceKey">uddi:3587146b-b94e-11e4-af71-ed37aa118edd</ObjectKey></Node></To></Link><Link type="binding->interface:ImplementedBy"><From><Node type="urn:com:soa:ObjectKey"><ObjectKey class="com.soa.wsdl.model.impl.WsdlBindingImpl">uddi:4e39f92b-a859-e76a-ba02-ed30c256bd95</ObjectKey></Node></From><To><Node type="urn:com:soa:ObjectKey"><ObjectKey class="com.soa.wsdl.model.impl.WsdlInterfaceImpl">uddi:481d7bde-b370-8948-20f0-9c6c9a41ddc0</ObjectKey></Node></To></Link><Link type="bndoperation->service:parent"><From><Node type="urn:com:soa:ObjectKey"><ObjectKey class="com.soa.service.operation.model.BindingOperationQualifiedKey">{https://localhost:9901/helloworld}SmartyStreets_HelloWorldIntegration$$${https://localhost:9901/helloworld}SmartyStreets_HelloWorldIntegration_Binding$$$GET__validateStreet</ObjectKey></Node></From><To><Node type="urn:com:soa:ObjectKey"><ObjectKey class="com.soa.service.model.ServiceKey">uddi:3554b9c3-b94e-11e4-af71-ed37aa118edd</ObjectKey></Node></To></Link><Link type="interface->binding:implements"><From><Node type="urn:com:soa:ObjectKey"><ObjectKey class="com.soa.wsdl.model.impl.WsdlInterfaceImpl">uddi:ebbd687f-505d-f42e-9a6d-aa33d37f751e</ObjectKey></Node></From><To><Node type="urn:com:soa:ObjectKey"><ObjectKey class="com.soa.wsdl.model.impl.WsdlBindingImpl">uddi:051e7c94-47b4-3973-57ef-ad9a9adb9072</ObjectKey></Node></To></Link><Link type="service->bndoperation:child"><From><Node type="urn:com:soa:ObjectKey"><ObjectKey class="com.soa.service.model.ServiceKey">uddi:3554b9c3-b94e-11e4-af71-ed37aa118edd</ObjectKey></Node></From><To><Node type="urn:com:soa:ObjectKey"><ObjectKey class="com.soa.service.operation.model.BindingOperationQualifiedKey">{https://localhost:9901/helloworld}SmartyStreets_HelloWorldIntegration$$${https://localhost:9901/helloworld}SmartyStreets_HelloWorldIntegration_Binding$$$GET__validateStreet</ObjectKey></Node></To></Link><Link type="service->binding:ImplementedBy"><From><Node type="urn:com:soa:ObjectKey"><ObjectKey class="com.soa.service.model.ServiceKey">uddi:3587146b-b94e-11e4-af71-ed37aa118edd</ObjectKey></Node></From><To><Node type="urn:com:soa:ObjectKey"><ObjectKey class="com.soa.wsdl.model.impl.WsdlBindingImpl">uddi:051e7c94-47b4-3973-57ef-ad9a9adb9072</ObjectKey></Node></To></Link><Link type="binding->service:implements"><From><Node type="urn:com:soa:ObjectKey"><ObjectKey class="com.soa.wsdl.model.impl.WsdlBindingImpl">uddi:051e7c94-47b4-3973-57ef-ad9a9adb9072</ObjectKey></Node></From><To><Node type="urn:com:soa:ObjectKey"><ObjectKey class="com.soa.service.model.ServiceKey">uddi:3554b9c3-b94e-11e4-af71-ed37aa118edd</ObjectKey></Node></To></Link><Link type="service->operationalpolicy:ReferedBy"><From><Node type="urn:com:soa:ObjectKey"><ObjectKey class="com.soa.service.model.ServiceKey">uddi:3587146b-b94e-11e4-af71-ed37aa118edd</ObjectKey></Node></From><To><Node type="urn:com:soa:ObjectKey"><ObjectKey class="com.soa.policy.config.model.PolicyKey">urn:uuid:c56ee731-b941-11e4-af71-ed37aa118edd</ObjectKey></Node></To></Link><Link type="proxysvc->service:proxyFor"><From><Node type="urn:com:soa:ObjectKey"><ObjectKey class="com.soa.service.model.ServiceKey">uddi:3587146b-b94e-11e4-af71-ed37aa118edd</ObjectKey></Node></From><To><Node type="urn:com:soa:ObjectKey"><ObjectKey class="com.soa.service.model.ServiceKey">uddi:3554b9c3-b94e-11e4-af71-ed37aa118edd</ObjectKey></Node></To></Link><Link type="endpoint->service:parent"><From><Node type="urn:com:soa:ObjectKey"><ObjectKey class="com.soa.service.endpoint.EndpointKey">uddi:358391fa-b94e-11e4-af71-ed37aa118edd</ObjectKey></Node></From><To><Node type="urn:com:soa:ObjectKey"><ObjectKey class="com.soa.service.model.ServiceKey">uddi:3554b9c3-b94e-11e4-af71-ed37aa118edd</ObjectKey></Node></To></Link><Link type="service->interface:ImplementedBy"><From><Node type="urn:com:soa:ObjectKey"><ObjectKey class="com.soa.service.model.ServiceKey">uddi:3587146b-b94e-11e4-af71-ed37aa118edd</ObjectKey></Node></From><To><Node type="urn:com:soa:ObjectKey"><ObjectKey class="com.soa.wsdl.model.impl.WsdlInterfaceImpl">uddi:ebbd687f-505d-f42e-9a6d-aa33d37f751e</ObjectKey></Node></To></Link><Link type="bndoperation->service:parent"><From><Node type="urn:com:soa:ObjectKey"><ObjectKey class="com.soa.service.operation.model.BindingOperationQualifiedKey">{https://api.smartystreets.com}SmartyStreets$$${https://api.smartystreets.com}SmartyStreets_Binding$$$POST__street-address</ObjectKey></Node></From><To><Node type="urn:com:soa:ObjectKey"><ObjectKey class="com.soa.service.model.ServiceKey">uddi:b9ebdbaf-b94d-11e4-af71-ed37aa118edd</ObjectKey></Node></To></Link><Link type="service->operation:child"><From><Node type="urn:com:soa:ObjectKey"><ObjectKey class="com.soa.service.model.ServiceKey">uddi:3554b9c3-b94e-11e4-af71-ed37aa118edd</ObjectKey></Node></From><To><Node type="urn:com:soa:ObjectKey"><ObjectKey class="com.soa.service.operation.model.OperationKey">357f2527-b94e-11e4-af71-ed37aa118edd</ObjectKey></Node></To></Link><Link type="service->endpoint:child"><From><Node type="urn:com:soa:ObjectKey"><ObjectKey class="com.soa.service.model.ServiceKey">uddi:3587146b-b94e-11e4-af71-ed37aa118edd</ObjectKey></Node></From><To><Node type="urn:com:soa:ObjectKey"><ObjectKey class="com.soa.service.endpoint.EndpointKey">uddi:35aaa204-b94e-11e4-af71-ed37aa118edd</ObjectKey></Node></To></Link><Link type="operation->service:parent"><From><Node type="urn:com:soa:ObjectKey"><ObjectKey class="com.soa.service.operation.model.OperationKey">ba0b2385-b94d-11e4-af71-ed37aa118edd</ObjectKey></Node></From><To><Node type="urn:com:soa:ObjectKey"><ObjectKey class="com.soa.service.model.ServiceKey">uddi:b9ebdbaf-b94d-11e4-af71-ed37aa118edd</ObjectKey></Node></To></Link><Link type="operation->service:parent"><From><Node type="urn:com:soa:ObjectKey"><ObjectKey class="com.soa.service.operation.model.OperationKey">ba0be6da-b94d-11e4-af71-ed37aa118edd</ObjectKey></Node></From><To><Node type="urn:com:soa:ObjectKey"><ObjectKey class="com.soa.service.model.ServiceKey">uddi:b9ebdbaf-b94d-11e4-af71-ed37aa118edd</ObjectKey></Node></To></Link><Link type="service->bndoperation:child"><From><Node type="urn:com:soa:ObjectKey"><ObjectKey class="com.soa.service.model.ServiceKey">uddi:3587146b-b94e-11e4-af71-ed37aa118edd</ObjectKey></Node></From><To><Node type="urn:com:soa:ObjectKey"><ObjectKey class="com.soa.service.operation.model.BindingOperationQualifiedKey">{https://localhost:9901/helloworld}SmartyStreets_HelloWorldIntegration_vs0$$${https://localhost:9901/helloworld}SmartyStreets_HelloWorldIntegration_Binding$$$GET__validateStreet</ObjectKey></Node></To></Link><Link type="operation->service:parent"><From><Node type="urn:com:soa:ObjectKey"><ObjectKey class="com.soa.service.operation.model.OperationKey">ba0a8743-b94d-11e4-af71-ed37aa118edd</ObjectKey></Node></From><To><Node type="urn:com:soa:ObjectKey"><ObjectKey class="com.soa.service.model.ServiceKey">uddi:b9ebdbaf-b94d-11e4-af71-ed37aa118edd</ObjectKey></Node></To></Link><Link type="binding->service:implements"><From><Node type="urn:com:soa:ObjectKey"><ObjectKey class="com.soa.wsdl.model.impl.WsdlBindingImpl">uddi:4e39f92b-a859-e76a-ba02-ed30c256bd95</ObjectKey></Node></From><To><Node type="urn:com:soa:ObjectKey"><ObjectKey class="com.soa.service.model.ServiceKey">uddi:b9ebdbaf-b94d-11e4-af71-ed37aa118edd</ObjectKey></Node></To></Link><Link type="policy->script:refer"><From><Node type="urn:com:soa:ObjectKey"><ObjectKey class="com.soa.policy.config.model.PolicyKey">urn:uuid:3ffeee01-b93e-11e4-af71-ed37aa118edd</ObjectKey></Node></From><To><Node type="urn:com:soa:ObjectKey"><ObjectKey class="com.soa.scripts.ScriptKey">script:8b175397-b93e-11e4-af71-ed37aa118edd</ObjectKey></Node></To></Link><Link type="bndoperation->service:parent"><From><Node type="urn:com:soa:ObjectKey"><ObjectKey class="com.soa.service.operation.model.BindingOperationQualifiedKey">{https://api.smartystreets.com}SmartyStreets$$${https://api.smartystreets.com}SmartyStreets_Binding$$$GET__street-address</ObjectKey></Node></From><To><Node type="urn:com:soa:ObjectKey"><ObjectKey class="com.soa.service.model.ServiceKey">uddi:b9ebdbaf-b94d-11e4-af71-ed37aa118edd</ObjectKey></Node></To></Link><Link type="service->operation:child"><From><Node type="urn:com:soa:ObjectKey"><ObjectKey class="com.soa.service.model.ServiceKey">uddi:b9ebdbaf-b94d-11e4-af71-ed37aa118edd</ObjectKey></Node></From><To><Node type="urn:com:soa:ObjectKey"><ObjectKey class="com.soa.service.operation.model.OperationKey">ba0b98b8-b94d-11e4-af71-ed37aa118edd</ObjectKey></Node></To></Link><Link type="operationalpolicy->service:refer"><From><Node type="urn:com:soa:ObjectKey"><ObjectKey class="com.soa.policy.config.model.PolicyKey">urn:uuid:c56ee731-b941-11e4-af71-ed37aa118edd</ObjectKey></Node></From><To><Node type="urn:com:soa:ObjectKey"><ObjectKey class="com.soa.service.model.ServiceKey">uddi:3587146b-b94e-11e4-af71-ed37aa118edd</ObjectKey></Node></To></Link><Link type="service->container:Hosts"><From><Node type="urn:com:soa:ObjectKey"><ObjectKey class="com.soa.service.model.ServiceKey">uddi:3587146b-b94e-11e4-af71-ed37aa118edd</ObjectKey></Node></From><To><Node type="urn:com:soa:ObjectKey"><ObjectKey class="com.soa.svccontainer.ContainerKey">cade2f1a-6243-485f-b056-78b682ca</ObjectKey></Node></To></Link><Link type="virtualop->bpel:route"><From><Node type="urn:com:soa:ObjectKey"><ObjectKey class="com.soa.service.operation.model.OperationKey">359b119f-b94e-11e4-af71-ed37aa118edd</ObjectKey></Node></From><To><Node type="urn:com:soa:ObjectKey"><ObjectKey class="com.soa.bpel.BpelKey">bpel:35a17a42-b94e-11e4-af71-ed37aa118edd</ObjectKey></Node></To></Link><Link type="interface->service:implements"><From><Node type="urn:com:soa:ObjectKey"><ObjectKey class="com.soa.wsdl.model.impl.WsdlInterfaceImpl">uddi:ebbd687f-505d-f42e-9a6d-aa33d37f751e</ObjectKey></Node></From><To><Node type="urn:com:soa:ObjectKey"><ObjectKey class="com.soa.service.model.ServiceKey">uddi:3587146b-b94e-11e4-af71-ed37aa118edd</ObjectKey></Node></To></Link><Link type="bpel->virtualop:routedBy"><From><Node type="urn:com:soa:ObjectKey"><ObjectKey class="com.soa.bpel.BpelKey">bpel:35a17a42-b94e-11e4-af71-ed37aa118edd</ObjectKey></Node></From><To><Node type="urn:com:soa:ObjectKey"><ObjectKey class="com.soa.service.operation.model.OperationKey">359b119f-b94e-11e4-af71-ed37aa118edd</ObjectKey></Node></To></Link><Link type="script->policy:ReferedBy"><From><Node type="urn:com:soa:ObjectKey"><ObjectKey class="com.soa.scripts.ScriptKey">script:8b175397-b93e-11e4-af71-ed37aa118edd</ObjectKey></Node></From><To><Node type="urn:com:soa:ObjectKey"><ObjectKey class="com.soa.policy.config.model.PolicyKey">urn:uuid:3ffeee01-b93e-11e4-af71-ed37aa118edd</ObjectKey></Node></To></Link><Link type="service->endpoint:child"><From><Node type="urn:com:soa:ObjectKey"><ObjectKey class="com.soa.service.model.ServiceKey">uddi:b9ebdbaf-b94d-11e4-af71-ed37aa118edd</ObjectKey></Node></From><To><Node type="urn:com:soa:ObjectKey"><ObjectKey class="com.soa.service.endpoint.EndpointKey">uddi:ba13d621-b94d-11e4-af71-ed37aa118edd</ObjectKey></Node></To></Link><Link type="service->org:parent"><From><Node type="urn:com:soa:ObjectKey"><ObjectKey class="com.soa.service.model.ServiceKey">uddi:3587146b-b94e-11e4-af71-ed37aa118edd</ObjectKey></Node></From><To><Node type="urn:com:soa:ObjectKey"><ObjectKey class="com.soa.organization.model.OrganizationKey">uddi:002f2877-b3cf-11e4-afde-a0315094459e</ObjectKey></Node></To></Link><Link type="service->bndoperation:child"><From><Node type="urn:com:soa:ObjectKey"><ObjectKey class="com.soa.service.model.ServiceKey">uddi:b9ebdbaf-b94d-11e4-af71-ed37aa118edd</ObjectKey></Node></From><To><Node type="urn:com:soa:ObjectKey"><ObjectKey class="com.soa.service.operation.model.BindingOperationQualifiedKey">{https://api.smartystreets.com}SmartyStreets$$${https://api.smartystreets.com}SmartyStreets_Binding$$$GET__street-address</ObjectKey></Node></To></Link><Link type="bndoperation->service:parent"><From><Node type="urn:com:soa:ObjectKey"><ObjectKey class="com.soa.service.operation.model.BindingOperationQualifiedKey">{https://localhost:9901/helloworld}SmartyStreets_HelloWorldIntegration_vs0$$${https://localhost:9901/helloworld}SmartyStreets_HelloWorldIntegration_Binding$$$GET__validateStreet</ObjectKey></Node></From><To><Node type="urn:com:soa:ObjectKey"><ObjectKey class="com.soa.service.model.ServiceKey">uddi:3587146b-b94e-11e4-af71-ed37aa118edd</ObjectKey></Node></To></Link><Link type="operationalpolicy->service:refer"><From><Node type="urn:com:soa:ObjectKey"><ObjectKey class="com.soa.policy.config.model.PolicyKey">DetailedAuditing</ObjectKey></Node></From><To><Node type="urn:com:soa:ObjectKey"><ObjectKey class="com.soa.service.model.ServiceKey">uddi:3587146b-b94e-11e4-af71-ed37aa118edd</ObjectKey></Node></To></Link><Link type="operational_policy->org:parent"><From><Node type="urn:com:soa:ObjectKey"><ObjectKey class="com.soa.policy.config.model.PolicyKey">urn:uuid:3ffeee01-b93e-11e4-af71-ed37aa118edd</ObjectKey></Node></From><To><Node type="urn:com:soa:ObjectKey"><ObjectKey class="com.soa.organization.model.OrganizationKey">uddi:002f2877-b3cf-11e4-afde-a0315094459e</ObjectKey></Node></To></Link><Link type="operationalpolicy->service:refer"><From><Node type="urn:com:soa:ObjectKey"><ObjectKey class="com.soa.policy.config.model.PolicyKey">urn:uuid:3ffeee01-b93e-11e4-af71-ed37aa118edd</ObjectKey></Node></From><To><Node type="urn:com:soa:ObjectKey"><ObjectKey class="com.soa.service.model.ServiceKey">uddi:b9ebdbaf-b94d-11e4-af71-ed37aa118edd</ObjectKey></Node></To></Link><Link type="service->binding:ImplementedBy"><From><Node type="urn:com:soa:ObjectKey"><ObjectKey class="com.soa.service.model.ServiceKey">uddi:b9ebdbaf-b94d-11e4-af71-ed37aa118edd</ObjectKey></Node></From><To><Node type="urn:com:soa:ObjectKey"><ObjectKey class="com.soa.wsdl.model.impl.WsdlBindingImpl">uddi:4e39f92b-a859-e76a-ba02-ed30c256bd95</ObjectKey></Node></To></Link><Link type="service->bndoperation:child"><From><Node type="urn:com:soa:ObjectKey"><ObjectKey class="com.soa.service.model.ServiceKey">uddi:b9ebdbaf-b94d-11e4-af71-ed37aa118edd</ObjectKey></Node></From><To><Node type="urn:com:soa:ObjectKey"><ObjectKey class="com.soa.service.operation.model.BindingOperationQualifiedKey">{https://api.smartystreets.com}SmartyStreets$$${https://api.smartystreets.com}SmartyStreets_Binding$$$GET__zipcode</ObjectKey></Node></To></Link><Link type="org->operational_policy:child"><From><Node type="urn:com:soa:ObjectKey"><ObjectKey class="com.soa.organization.model.OrganizationKey">uddi:002f2877-b3cf-11e4-afde-a0315094459e</ObjectKey></Node></From><To><Node type="urn:com:soa:ObjectKey"><ObjectKey class="com.soa.policy.config.model.PolicyKey">urn:uuid:3ffeee01-b93e-11e4-af71-ed37aa118edd</ObjectKey></Node></To></Link><Link type="service->interface:ImplementedBy"><From><Node type="urn:com:soa:ObjectKey"><ObjectKey class="com.soa.service.model.ServiceKey">uddi:b9ebdbaf-b94d-11e4-af71-ed37aa118edd</ObjectKey></Node></From><To><Node type="urn:com:soa:ObjectKey"><ObjectKey class="com.soa.wsdl.model.impl.WsdlInterfaceImpl">uddi:481d7bde-b370-8948-20f0-9c6c9a41ddc0</ObjectKey></Node></To></Link><Link type="bndoperation->service:parent"><From><Node type="urn:com:soa:ObjectKey"><ObjectKey class="com.soa.service.operation.model.BindingOperationQualifiedKey">{https://api.smartystreets.com}SmartyStreets$$${https://api.smartystreets.com}SmartyStreets_Binding$$$GET__zipcode</ObjectKey></Node></From><To><Node type="urn:com:soa:ObjectKey"><ObjectKey class="com.soa.service.model.ServiceKey">uddi:b9ebdbaf-b94d-11e4-af71-ed37aa118edd</ObjectKey></Node></To></Link><Link type="org->service:child"><From><Node type="urn:com:soa:ObjectKey"><ObjectKey class="com.soa.organization.model.OrganizationKey">uddi:002f2877-b3cf-11e4-afde-a0315094459e</ObjectKey></Node></From><To><Node type="urn:com:soa:ObjectKey"><ObjectKey class="com.soa.service.model.ServiceKey">uddi:b9ebdbaf-b94d-11e4-af71-ed37aa118edd</ObjectKey></Node></To></Link><Link type="service->org:parent"><From><Node type="urn:com:soa:ObjectKey"><ObjectKey class="com.soa.service.model.ServiceKey">uddi:3554b9c3-b94e-11e4-af71-ed37aa118edd</ObjectKey></Node></From><To><Node type="urn:com:soa:ObjectKey"><ObjectKey class="com.soa.organization.model.OrganizationKey">uddi:002f2877-b3cf-11e4-afde-a0315094459e</ObjectKey></Node></To></Link><Link type="service->operation:child"><From><Node type="urn:com:soa:ObjectKey"><ObjectKey class="com.soa.service.model.ServiceKey">uddi:3587146b-b94e-11e4-af71-ed37aa118edd</ObjectKey></Node></From><To><Node type="urn:com:soa:ObjectKey"><ObjectKey class="com.soa.service.operation.model.OperationKey">359b119f-b94e-11e4-af71-ed37aa118edd</ObjectKey></Node></To></Link><Link type="service->endpoint:child"><From><Node type="urn:com:soa:ObjectKey"><ObjectKey class="com.soa.service.model.ServiceKey">uddi:3554b9c3-b94e-11e4-af71-ed37aa118edd</ObjectKey></Node></From><To><Node type="urn:com:soa:ObjectKey"><ObjectKey class="com.soa.service.endpoint.EndpointKey">uddi:358391fa-b94e-11e4-af71-ed37aa118edd</ObjectKey></Node></To></Link><Link type="container->service:HostedBy"><From><Node type="urn:com:soa:ObjectKey"><ObjectKey class="com.soa.svccontainer.ContainerKey">cade2f1a-6243-485f-b056-78b682ca</ObjectKey></Node></From><To><Node type="urn:com:soa:ObjectKey"><ObjectKey class="com.soa.service.model.ServiceKey">uddi:3587146b-b94e-11e4-af71-ed37aa118edd</ObjectKey></Node></To></Link><Link type="interface->service:implements"><From><Node type="urn:com:soa:ObjectKey"><ObjectKey class="com.soa.wsdl.model.impl.WsdlInterfaceImpl">uddi:ebbd687f-505d-f42e-9a6d-aa33d37f751e</ObjectKey></Node></From><To><Node type="urn:com:soa:ObjectKey"><ObjectKey class="com.soa.service.model.ServiceKey">uddi:3554b9c3-b94e-11e4-af71-ed37aa118edd</ObjectKey></Node></To></Link><Link type="service->contract:refer"><From><Node type="urn:com:soa:ObjectKey"><ObjectKey class="com.soa.service.model.ServiceKey">uddi:3587146b-b94e-11e4-af71-ed37aa118edd</ObjectKey></Node></From><To><Node type="urn:com:soa:ObjectKey"><ObjectKey class="com.soa.contracts.ContractKey">19abc5d3-b94f-11e4-af71-ed37aa118edd:1042</ObjectKey></Node></To></Link></Links></DepedendencyGraph>