<?xml version="1.0" encoding="UTF-8"?>
<ns8:ExportConfiguration xmlns="http://digev.com/uri/products/ManagementServer/xsd/1.0" xmlns:ns10="http://soa.com/uri/products/Policy/xsd/1.0" xmlns:ns11="http://soa.com/uri/products/Contracts/xsd/1.0" xmlns:ns12="http://soa.com/uri/products/IdentityAuthorization/xsd/1.0" xmlns:ns13="http://soa.com/uri/products/Organization/xsd/1.0" xmlns:ns14="http://digev.com/uri/products/AlertManager/xsd/1.0" xmlns:ns15="http://digev.com/uri/products/PolicyManager/xsd/1.0" xmlns:ns2="http://digev.com/uri/products/Types/xsd/1.0" xmlns:ns3="http://www.soa.com/uri/products/SLAPolicy/xsd/1.0" xmlns:ns4="urn:uddi-org:api_v3" xmlns:ns5="http://www.w3.org/2000/09/xmldsig#" xmlns:ns6="http://soa.com/uri/products/ServiceProperties/1.0" xmlns:ns7="http://soa.com/uri/products/ServiceEndpointProperties/1.0" xmlns:ns8="http://www.soa.com/uri/products/ServiceManagerMigration/xsd/1.0" xmlns:ns9="urn:uddi-org:sub_v3"><ns8:SourceOrganization><ns2:Key>uddi:soa.com:atmosphere:tenant:demo</ns2:Key></ns8:SourceOrganization><ns8:ExportObjectConfiguration><ns2:OrganizationKey><ns2:Key>uddi:002f2877-b3cf-11e4-afde-a0315094459e</ns2:Key></ns2:OrganizationKey><ns8:ExportOrganization><ns13:Organization><ns13:OrganizationKey><ns2:Key>uddi:002f2877-b3cf-11e4-afde-a0315094459e</ns2:Key></ns13:OrganizationKey><ns13:ParentKey><ns2:Key>uddi:soa.com:atmosphere:tenant:demo</ns2:Key></ns13:ParentKey><ns13:Name>SmartyStreetOrg</ns13:Name><ns13:Description></ns13:Description><ns13:OrganizationType>Application</ns13:OrganizationType></ns13:Organization><ns4:businessEntity businessKey="uddi:002f2877-b3cf-11e4-afde-a0315094459e"><ns4:name>SmartyStreetOrg</ns4:name><ns4:categoryBag><ns4:keyedReferenceGroup tModelKey="uddi:soa.com:organization:group"><ns4:keyedReference keyName="Organization type" keyValue="Application" tModelKey="uddi:soa.com:categorization:organizationtype"/></ns4:keyedReferenceGroup></ns4:categoryBag></ns4:businessEntity></ns8:ExportOrganization></ns8:ExportObjectConfiguration><ns8:ExportObjectConfiguration><ns2:ScriptKey><ns2:Key>script:8b175397-b93e-11e4-af71-ed37aa118edd</ns2:Key></ns2:ScriptKey><ns8:ExportScript><ns8:ScriptUri>scripts/script_8b175397-b93e-11e4-af71-ed37aa118edd.xml</ns8:ScriptUri><ns8:Name>OpenAPI-Common</ns8:Name><ns8:Description></ns8:Description><ns8:ScriptKey>script:8b175397-b93e-11e4-af71-ed37aa118edd</ns8:ScriptKey><ns8:OrganizationKey>uddi:002f2877-b3cf-11e4-afde-a0315094459e</ns8:OrganizationKey><ns8:Type>js</ns8:Type></ns8:ExportScript></ns8:ExportObjectConfiguration><ns8:ExportObjectConfiguration><ns2:BpelKey><ns2:Key>bpel:35a17a42-b94e-11e4-af71-ed37aa118edd</ns2:Key></ns2:BpelKey><ns8:ExportBpel><ns8:BpelUri>bpels/bpel_35a17a42-b94e-11e4-af71-ed37aa118edd.xml</ns8:BpelUri></ns8:ExportBpel></ns8:ExportObjectConfiguration><ns8:ExportObjectConfiguration><ns2:InterfaceKey><ns2:Key>uddi:481d7bde-b370-8948-20f0-9c6c9a41ddc0</ns2:Key><ns2:InterfaceQName>{https://api.smartystreets.com}SmartyStreets_PortType</ns2:InterfaceQName></ns2:InterfaceKey><ns8:ExportInterface><ns4:tModel deleted="false" tModelKey="uddi:481d7bde-b370-8948-20f0-9c6c9a41ddc0"><ns4:name>SmartyStreets_PortType</ns4:name><ns4:categoryBag><ns4:keyedReference keyName="WSDL type" keyValue="portType" tModelKey="uddi:uddi.org:wsdl:types"/><ns4:keyedReference keyName="portType namespace" keyValue="https://api.smartystreets.com" tModelKey="uddi:uddi.org:xml:namespace"/></ns4:categoryBag></ns4:tModel><ns8:InterfaceWsdlUri>wsdls/uddi_481d7bde-b370-8948-20f0-9c6c9a41ddc0.wsdl</ns8:InterfaceWsdlUri></ns8:ExportInterface></ns8:ExportObjectConfiguration><ns8:ExportObjectConfiguration><ns2:InterfaceKey><ns2:Key>uddi:ebbd687f-505d-f42e-9a6d-aa33d37f751e</ns2:Key><ns2:InterfaceQName>{https://localhost:9901/helloworld}SmartyStreets_HelloWorldIntegration_PortType</ns2:InterfaceQName></ns2:InterfaceKey><ns8:ExportInterface><ns4:tModel deleted="false" tModelKey="uddi:ebbd687f-505d-f42e-9a6d-aa33d37f751e"><ns4:name>SmartyStreets_HelloWorldIntegration_PortType</ns4:name><ns4:categoryBag><ns4:keyedReference keyName="WSDL type" keyValue="portType" tModelKey="uddi:uddi.org:wsdl:types"/><ns4:keyedReference keyName="portType namespace" keyValue="https://localhost:9901/helloworld" tModelKey="uddi:uddi.org:xml:namespace"/></ns4:categoryBag></ns4:tModel><ns8:InterfaceWsdlUri>wsdls/uddi_ebbd687f-505d-f42e-9a6d-aa33d37f751e.wsdl</ns8:InterfaceWsdlUri></ns8:ExportInterface></ns8:ExportObjectConfiguration><ns8:ExportObjectConfiguration><ns2:BindingKey><ns2:Key>uddi:051e7c94-47b4-3973-57ef-ad9a9adb9072</ns2:Key><ns2:BindingQName>{https://localhost:9901/helloworld}SmartyStreets_HelloWorldIntegration_Binding</ns2:BindingQName><ns2:BindingType>binding.http</ns2:BindingType></ns2:BindingKey><ns8:ExportBinding><ns4:tModel deleted="false" tModelKey="uddi:051e7c94-47b4-3973-57ef-ad9a9adb9072"><ns4:name>SmartyStreets_HelloWorldIntegration_Binding</ns4:name><ns4:categoryBag><ns4:keyedReference keyName="uddi-org:types" keyValue="wsdlSpec" tModelKey="uddi:uddi.org:categorization:types"/><ns4:keyedReference keyName="portType Reference" keyValue="uddi:ebbd687f-505d-f42e-9a6d-aa33d37f751e" tModelKey="uddi:uddi.org:wsdl:porttypereference"/><ns4:keyedReference keyName="WSDL type" keyValue="binding" tModelKey="uddi:uddi.org:wsdl:types"/><ns4:keyedReference keyName="binding namespace" keyValue="https://localhost:9901/helloworld" tModelKey="uddi:uddi.org:xml:namespace"/></ns4:categoryBag></ns4:tModel><ns8:BindingWsdlUri>wsdls/uddi_051e7c94-47b4-3973-57ef-ad9a9adb9072.wsdl</ns8:BindingWsdlUri></ns8:ExportBinding></ns8:ExportObjectConfiguration><ns8:ExportObjectConfiguration><ns2:BindingKey><ns2:Key>uddi:4e39f92b-a859-e76a-ba02-ed30c256bd95</ns2:Key><ns2:BindingQName>{https://api.smartystreets.com}SmartyStreets_Binding</ns2:BindingQName><ns2:BindingType>binding.http</ns2:BindingType></ns2:BindingKey><ns8:ExportBinding><ns4:tModel deleted="false" tModelKey="uddi:4e39f92b-a859-e76a-ba02-ed30c256bd95"><ns4:name>SmartyStreets_Binding</ns4:name><ns4:categoryBag><ns4:keyedReference keyName="uddi-org:types" keyValue="wsdlSpec" tModelKey="uddi:uddi.org:categorization:types"/><ns4:keyedReference keyName="portType Reference" keyValue="uddi:481d7bde-b370-8948-20f0-9c6c9a41ddc0" tModelKey="uddi:uddi.org:wsdl:porttypereference"/><ns4:keyedReference keyName="WSDL type" keyValue="binding" tModelKey="uddi:uddi.org:wsdl:types"/><ns4:keyedReference keyName="binding namespace" keyValue="https://api.smartystreets.com" tModelKey="uddi:uddi.org:xml:namespace"/></ns4:categoryBag></ns4:tModel><ns8:BindingWsdlUri>wsdls/uddi_4e39f92b-a859-e76a-ba02-ed30c256bd95.wsdl</ns8:BindingWsdlUri></ns8:ExportBinding></ns8:ExportObjectConfiguration><ns8:ExportObjectConfiguration><ns2:ServiceKey><ns2:Key>uddi:3587146b-b94e-11e4-af71-ed37aa118edd</ns2:Key><ns2:ServiceQName>{https://localhost:9901/helloworld}SmartyStreets_HelloWorldIntegration_vs0</ns2:ServiceQName></ns2:ServiceKey><ns8:ExportService><VirtualService BusinessKey="uddi:002f2877-b3cf-11e4-afde-a0315094459e" ServiceKey="uddi:3587146b-b94e-11e4-af71-ed37aa118edd" WsdlServiceLocalName="SmartyStreets_HelloWorldIntegration_vs0" WsdlTargetNamespaceUrl="https://localhost:9901/helloworld"><Name>SmartyStreets_HelloWorldIntegration_vs0</Name><Description></Description><Operations><LogicalOperation InterfaceName="{https://localhost:9901/helloworld}SmartyStreets_HelloWorldIntegration_PortType" ManagementState="Enabled" NextHopOperationKey="uddi:b9ebdbaf-b94d-11e4-af71-ed37aa118edd$$${https://api.smartystreets.com}SmartyStreets_PortType$$$GET__street-address" NextHopOperationName="GET /street-address" NextHopServiceKey="uddi:b9ebdbaf-b94d-11e4-af71-ed37aa118edd" NextHopServiceName="SmartyStreets" NumOfVirtualizedOperations="0" OperationKey="359b119f-b94e-11e4-af71-ed37aa118edd" OperationLastUpdatedAt="2015-02-20T22:23:15Z" OperationName="GET /validateStreet" PolicyAvailable="true" ServiceKey="uddi:3587146b-b94e-11e4-af71-ed37aa118edd" WsdlOperationName="GET__validateStreet"><NextHopOperation InterfaceName="{https://api.smartystreets.com}SmartyStreets_PortType" OperationKey="ba0a8743-b94d-11e4-af71-ed37aa118edd" OperationLastUpdatedAt="2015-02-20T22:23:57Z" OperationName="GET /street-address" ServiceKey="uddi:b9ebdbaf-b94d-11e4-af71-ed37aa118edd" ServiceName="SmartyStreets" WsdlOperationName="GET__street-address"/></LogicalOperation></Operations></VirtualService><ns4:businessService businessKey="uddi:002f2877-b3cf-11e4-afde-a0315094459e" serviceKey="uddi:3587146b-b94e-11e4-af71-ed37aa118edd"><ns4:name>SmartyStreets_HelloWorldIntegration_vs0</ns4:name><ns4:bindingTemplates><ns4:bindingTemplate bindingKey="uddi:35aaa204-b94e-11e4-af71-ed37aa118edd" serviceKey="uddi:3587146b-b94e-11e4-af71-ed37aa118edd"><ns4:accessPoint useType="endPoint">http://127.0.0.1:9901/smarty/v1</ns4:accessPoint><ns4:tModelInstanceDetails><ns4:tModelInstanceInfo tModelKey="uddi:051e7c94-47b4-3973-57ef-ad9a9adb9072"><ns4:description>The wsdl:binding that this wsdl:port implements. The instanceParms specifies the port local name.</ns4:description><ns4:instanceDetails><ns4:instanceParms>SmartyHelloWorld</ns4:instanceParms></ns4:instanceDetails></ns4:tModelInstanceInfo><ns4:tModelInstanceInfo tModelKey="uddi:ebbd687f-505d-f42e-9a6d-aa33d37f751e"><ns4:description>The wsdl:portType that this wsdl:port implements.</ns4:description></ns4:tModelInstanceInfo></ns4:tModelInstanceDetails><ns4:categoryBag><ns4:keyedReference keyName="virtualHost" keyValue="smarty" tModelKey="uddi:soa.com:endpoint:cname"/><ns4:keyedReference keyName="WSDL type" keyValue="port" tModelKey="uddi:uddi.org:wsdl:types"/><ns4:keyedReferenceGroup tModelKey="uddi:soa.com:serviceendpoint:connprops:group"><ns4:keyedReference keyName="virtualHost" keyValue="smarty" tModelKey="uddi:soa.com:endpoint:virtualhost"/></ns4:keyedReferenceGroup><ns4:keyedReferenceGroup tModelKey="uddi:soa.com:serviceendpoint:group"><ns4:keyedReference keyName="containerKey" keyValue="cade2f1a-6243-485f-b056-78b682ca" tModelKey="uddi:soa.com:serviceendpoint:containername"/><ns4:keyedReference keyName="listenerName" keyValue="default-http" tModelKey="uddi:soa.com:serviceendpoint:listenername"/></ns4:keyedReferenceGroup></ns4:categoryBag></ns4:bindingTemplate></ns4:bindingTemplates><ns4:categoryBag><ns4:keyedReference keyName="Managed Service" keyValue="Managed Service" tModelKey="uddi:digev.com:categorization:services"/><ns4:keyedReference keyName="Virtual Service" keyValue="Virtual Service" tModelKey="uddi:digev.com:categorization:services"/><ns4:keyedReference keyName="Design" keyValue="Design" tModelKey="uddi:soa.com:servicelifecyclestage"/><ns4:keyedReference keyName="WSDL type" keyValue="service" tModelKey="uddi:uddi.org:wsdl:types"/><ns4:keyedReference keyName="service local name" keyValue="SmartyStreets_HelloWorldIntegration_vs0" tModelKey="uddi:uddi.org:xml:localname"/><ns4:keyedReference keyName="service namespace" keyValue="https://localhost:9901/helloworld" tModelKey="uddi:uddi.org:xml:namespace"/></ns4:categoryBag></ns4:businessService><ns8:ExportServiceEndpoint><ns7:ServiceEndpoint><ns7:ServiceKey>uddi:3587146b-b94e-11e4-af71-ed37aa118edd</ns7:ServiceKey><ns7:Name>uddi:35aaa204-b94e-11e4-af71-ed37aa118edd</ns7:Name><ns7:Url>http://127.0.0.1:9901/smarty/v1</ns7:Url><ns7:BindingQName>{https://localhost:9901/helloworld}SmartyStreets_HelloWorldIntegration_Binding</ns7:BindingQName><ns7:PortName>SmartyHelloWorld</ns7:PortName><ns7:ConnectionProperties><ns7:NameValue><ns7:Name>virtualHost</ns7:Name><ns7:Value>smarty</ns7:Value></ns7:NameValue></ns7:ConnectionProperties><ns7:Protocol>http</ns7:Protocol><ns7:ContainerKey>cade2f1a-6243-485f-b056-78b682ca</ns7:ContainerKey><ns7:ListenerName>default-http</ns7:ListenerName></ns7:ServiceEndpoint><ns8:EndpointWsdlUri>wsdls/uddi_35aaa204-b94e-11e4-af71-ed37aa118edd.wsdl</ns8:EndpointWsdlUri></ns8:ExportServiceEndpoint><ns8:BpelUri>services/uddi_3587146b-b94e-11e4-af71-ed37aa118edd/bpel.xml</ns8:BpelUri></ns8:ExportService></ns8:ExportObjectConfiguration><ns8:ExportObjectConfiguration><ns2:ServiceKey><ns2:Key>uddi:b9ebdbaf-b94d-11e4-af71-ed37aa118edd</ns2:Key><ns2:ServiceQName>{https://api.smartystreets.com}SmartyStreets</ns2:ServiceQName></ns2:ServiceKey><ns8:ExportService><PhysicalService BusinessKey="uddi:002f2877-b3cf-11e4-afde-a0315094459e" Discovered="false" ServiceKey="uddi:b9ebdbaf-b94d-11e4-af71-ed37aa118edd" WsdlServiceLocalName="SmartyStreets" WsdlTargetNamespaceUrl="https://api.smartystreets.com"><Name>SmartyStreets</Name><Description></Description><Operations><Operation InterfaceName="{https://api.smartystreets.com}SmartyStreets_PortType" ManagementState="Enabled" NumOfVirtualizedOperations="1" OperationKey="ba0a8743-b94d-11e4-af71-ed37aa118edd" OperationLastUpdatedAt="2015-02-20T22:23:57Z" OperationName="GET /street-address" PolicyAvailable="true" ServiceKey="uddi:b9ebdbaf-b94d-11e4-af71-ed37aa118edd" WsdlOperationName="GET__street-address"/><Operation InterfaceName="{https://api.smartystreets.com}SmartyStreets_PortType" ManagementState="Enabled" NumOfVirtualizedOperations="0" OperationKey="ba0b98b8-b94d-11e4-af71-ed37aa118edd" OperationLastUpdatedAt="2015-02-20T22:23:57Z" OperationName="GET /zipcode" PolicyAvailable="true" ServiceKey="uddi:b9ebdbaf-b94d-11e4-af71-ed37aa118edd" WsdlOperationName="GET__zipcode"/><Operation InterfaceName="{https://api.smartystreets.com}SmartyStreets_PortType" ManagementState="Enabled" NumOfVirtualizedOperations="0" OperationKey="ba0b2385-b94d-11e4-af71-ed37aa118edd" OperationLastUpdatedAt="2015-02-20T22:23:57Z" OperationName="POST /street-address" PolicyAvailable="true" ServiceKey="uddi:b9ebdbaf-b94d-11e4-af71-ed37aa118edd" WsdlOperationName="POST__street-address"/><Operation InterfaceName="{https://api.smartystreets.com}SmartyStreets_PortType" ManagementState="Enabled" NumOfVirtualizedOperations="0" OperationKey="ba0be6da-b94d-11e4-af71-ed37aa118edd" OperationLastUpdatedAt="2015-02-20T22:23:57Z" OperationName="POST /zipcode" PolicyAvailable="true" ServiceKey="uddi:b9ebdbaf-b94d-11e4-af71-ed37aa118edd" WsdlOperationName="POST__zipcode"/></Operations></PhysicalService><ns4:businessService businessKey="uddi:002f2877-b3cf-11e4-afde-a0315094459e" serviceKey="uddi:b9ebdbaf-b94d-11e4-af71-ed37aa118edd"><ns4:name>SmartyStreets</ns4:name><ns4:bindingTemplates><ns4:bindingTemplate bindingKey="uddi:ba13d621-b94d-11e4-af71-ed37aa118edd" serviceKey="uddi:b9ebdbaf-b94d-11e4-af71-ed37aa118edd"><ns4:accessPoint useType="endPoint">https://api.smartystreets.com</ns4:accessPoint><ns4:tModelInstanceDetails><ns4:tModelInstanceInfo tModelKey="uddi:4e39f92b-a859-e76a-ba02-ed30c256bd95"><ns4:description>The wsdl:binding that this wsdl:port implements. The instanceParms specifies the port local name.</ns4:description><ns4:instanceDetails><ns4:instanceParms>SmartyStreets_port</ns4:instanceParms></ns4:instanceDetails></ns4:tModelInstanceInfo><ns4:tModelInstanceInfo tModelKey="uddi:481d7bde-b370-8948-20f0-9c6c9a41ddc0"><ns4:description>The wsdl:portType that this wsdl:port implements.</ns4:description></ns4:tModelInstanceInfo></ns4:tModelInstanceDetails><ns4:categoryBag><ns4:keyedReference keyName="WSDL type" keyValue="port" tModelKey="uddi:uddi.org:wsdl:types"/></ns4:categoryBag></ns4:bindingTemplate></ns4:bindingTemplates><ns4:categoryBag><ns4:keyedReference keyName="Design" keyValue="Design" tModelKey="uddi:soa.com:servicelifecyclestage"/><ns4:keyedReference keyName="1.0" keyValue="5e11cb61-cf86-4f49-b9ba-4c13d9708244" tModelKey="uddi:soa.com:serviceversion"/><ns4:keyedReference keyName="WSDL type" keyValue="service" tModelKey="uddi:uddi.org:wsdl:types"/><ns4:keyedReference keyName="service local name" keyValue="SmartyStreets" tModelKey="uddi:uddi.org:xml:localname"/><ns4:keyedReference keyName="service namespace" keyValue="https://api.smartystreets.com" tModelKey="uddi:uddi.org:xml:namespace"/><ns4:keyedReferenceGroup tModelKey="uddi:soa.com:service:group"/></ns4:categoryBag></ns4:businessService><ns8:ExportServiceEndpoint><ns7:ServiceEndpoint><ns7:ServiceKey>uddi:b9ebdbaf-b94d-11e4-af71-ed37aa118edd</ns7:ServiceKey><ns7:Name>uddi:ba13d621-b94d-11e4-af71-ed37aa118edd</ns7:Name><ns7:Url>https://api.smartystreets.com</ns7:Url><ns7:BindingQName>{https://api.smartystreets.com}SmartyStreets_Binding</ns7:BindingQName><ns7:PortName>SmartyStreets_port</ns7:PortName><ns7:Protocol>https</ns7:Protocol></ns7:ServiceEndpoint><ns8:EndpointWsdlUri>wsdls/uddi_ba13d621-b94d-11e4-af71-ed37aa118edd.wsdl</ns8:EndpointWsdlUri></ns8:ExportServiceEndpoint></ns8:ExportService></ns8:ExportObjectConfiguration><ns8:ExportObjectConfiguration><ns2:ServiceKey><ns2:Key>uddi:3554b9c3-b94e-11e4-af71-ed37aa118edd</ns2:Key><ns2:ServiceQName>{https://localhost:9901/helloworld}SmartyStreets_HelloWorldIntegration</ns2:ServiceQName></ns2:ServiceKey><ns8:ExportService><PhysicalService BusinessKey="uddi:002f2877-b3cf-11e4-afde-a0315094459e" Discovered="false" ServiceKey="uddi:3554b9c3-b94e-11e4-af71-ed37aa118edd" WsdlServiceLocalName="SmartyStreets_HelloWorldIntegration" WsdlTargetNamespaceUrl="https://localhost:9901/helloworld"><Name>SmartyStreets_HelloWorldIntegration</Name><Description></Description><Operations><Operation InterfaceName="{https://localhost:9901/helloworld}SmartyStreets_HelloWorldIntegration_PortType" ManagementState="Enabled" NumOfVirtualizedOperations="0" OperationKey="357f2527-b94e-11e4-af71-ed37aa118edd" OperationLastUpdatedAt="2015-02-20T22:17:08Z" OperationName="GET /validateStreet" PolicyAvailable="true" ServiceKey="uddi:3554b9c3-b94e-11e4-af71-ed37aa118edd" WsdlOperationName="GET__validateStreet"/></Operations></PhysicalService><ns4:businessService businessKey="uddi:002f2877-b3cf-11e4-afde-a0315094459e" serviceKey="uddi:3554b9c3-b94e-11e4-af71-ed37aa118edd"><ns4:name>SmartyStreets_HelloWorldIntegration</ns4:name><ns4:bindingTemplates><ns4:bindingTemplate bindingKey="uddi:358391fa-b94e-11e4-af71-ed37aa118edd" serviceKey="uddi:3554b9c3-b94e-11e4-af71-ed37aa118edd"><ns4:accessPoint useType="endPoint">https://localhost:9901/helloworld</ns4:accessPoint><ns4:tModelInstanceDetails><ns4:tModelInstanceInfo tModelKey="uddi:051e7c94-47b4-3973-57ef-ad9a9adb9072"><ns4:description>The wsdl:binding that this wsdl:port implements. The instanceParms specifies the port local name.</ns4:description><ns4:instanceDetails><ns4:instanceParms>SmartyStreets_HelloWorldIntegration_port</ns4:instanceParms></ns4:instanceDetails></ns4:tModelInstanceInfo><ns4:tModelInstanceInfo tModelKey="uddi:ebbd687f-505d-f42e-9a6d-aa33d37f751e"><ns4:description>The wsdl:portType that this wsdl:port implements.</ns4:description></ns4:tModelInstanceInfo></ns4:tModelInstanceDetails><ns4:categoryBag><ns4:keyedReference keyName="WSDL type" keyValue="port" tModelKey="uddi:uddi.org:wsdl:types"/></ns4:categoryBag></ns4:bindingTemplate></ns4:bindingTemplates><ns4:categoryBag><ns4:keyedReference keyName="Design" keyValue="Design" tModelKey="uddi:soa.com:servicelifecyclestage"/><ns4:keyedReference keyName="1.0" keyValue="548ff988-ae2c-4555-a350-fc4a479d5a07" tModelKey="uddi:soa.com:serviceversion"/><ns4:keyedReference keyName="WSDL type" keyValue="service" tModelKey="uddi:uddi.org:wsdl:types"/><ns4:keyedReference keyName="service local name" keyValue="SmartyStreets_HelloWorldIntegration" tModelKey="uddi:uddi.org:xml:localname"/><ns4:keyedReference keyName="service namespace" keyValue="https://localhost:9901/helloworld" tModelKey="uddi:uddi.org:xml:namespace"/><ns4:keyedReferenceGroup tModelKey="uddi:soa.com:service:group"/></ns4:categoryBag></ns4:businessService><ns8:ExportServiceEndpoint><ns7:ServiceEndpoint><ns7:ServiceKey>uddi:3554b9c3-b94e-11e4-af71-ed37aa118edd</ns7:ServiceKey><ns7:Name>uddi:358391fa-b94e-11e4-af71-ed37aa118edd</ns7:Name><ns7:Url>https://localhost:9901/helloworld</ns7:Url><ns7:BindingQName>{https://localhost:9901/helloworld}SmartyStreets_HelloWorldIntegration_Binding</ns7:BindingQName><ns7:PortName>SmartyStreets_HelloWorldIntegration_port</ns7:PortName><ns7:Protocol>https</ns7:Protocol></ns7:ServiceEndpoint><ns8:EndpointWsdlUri>wsdls/uddi_358391fa-b94e-11e4-af71-ed37aa118edd.wsdl</ns8:EndpointWsdlUri></ns8:ExportServiceEndpoint></ns8:ExportService></ns8:ExportObjectConfiguration><ns8:ExportObjectConfiguration><ns2:ContractKey><ns2:Key>19abc5d3-b94f-11e4-af71-ed37aa118edd</ns2:Key></ns2:ContractKey><ns8:ExportContract><ns11:Contract><ns11:ContractInfo Anonymous="true" Key="19abc5d3-b94f-11e4-af71-ed37aa118edd:1042" Name="SmartyStreet_Open" State="Active"><ns11:Description></ns11:Description><ns11:ProviderOrganizationKey>uddi:002f2877-b3cf-11e4-afde-a0315094459e</ns11:ProviderOrganizationKey><ns2:EffectiveDateTimes><ns2:StartDateTime><ns2:DateTime>2015-02-20T16:23:00-06:00</ns2:DateTime><ns2:TimezoneName>America/Chicago</ns2:TimezoneName></ns2:StartDateTime><ns2:EndDateTime><ns2:DateTime>2016-02-20T16:23:00-06:00</ns2:DateTime><ns2:TimezoneName>America/Chicago</ns2:TimezoneName></ns2:EndDateTime><ns2:Expire>false</ns2:Expire></ns2:EffectiveDateTimes><ns11:ContractVersionInfo><ns11:LastModifiedTimestamp>2015-02-20-06:00</ns11:LastModifiedTimestamp><ns11:User>Local Domain\admin</ns11:User><ns11:MetadataVersion>1</ns11:MetadataVersion><ns11:ActiveMetadataVersion>1</ns11:ActiveMetadataVersion></ns11:ContractVersionInfo><ns11:ContractType>service.contract</ns11:ContractType></ns11:ContractInfo><ns11:ContractScope><ns2:ServiceKey>uddi:3587146b-b94e-11e4-af71-ed37aa118edd</ns2:ServiceKey></ns11:ContractScope></ns11:Contract></ns8:ExportContract></ns8:ExportObjectConfiguration><ns8:ExportObjectConfiguration><ns2:PolicyKey><ns2:Key>urn:uuid:c56ee731-b941-11e4-af71-ed37aa118edd</ns2:Key></ns2:PolicyKey><ns8:ExportPolicy><ns10:Policy PolicyName="SmartyStreet-HelloWorldConfig"><ns10:PolicyKey>urn:uuid:c56ee731-b941-11e4-af71-ed37aa118edd</ns10:PolicyKey><ns10:OrganizationKey>uddi:002f2877-b3cf-11e4-afde-a0315094459e</ns10:OrganizationKey><ns10:PolicyType>Operational Policy</ns10:PolicyType><ns10:PolicySubType>policy.xml</ns10:PolicySubType><ns10:Description>This is used for storing and securing global variables used in the integration</ns10:Description><ns10:ReadOnly>false</ns10:ReadOnly><ns10:LocalPolicy>false</ns10:LocalPolicy><ns10:LastUpdatedTime>2015-02-20T22:14:52Z</ns10:LastUpdatedTime><ns10:PolicyConfigurationAsString><ns10:Contents>&lt;![CDATA[&lt;?xml version="1.0" encoding="UTF-8"?&gt;
&lt;wsp:Policy visibility="private" xmlns:var="http://soa.com/pso/openapi/policy/variables/1.0/" xmlns:wsp="http://schemas.xmlsoap.org/ws/2004/09/policy"&gt;
	&lt;var:VariablesPolicy&gt;
		&lt;!--++===========================++
 			 ||    SmartyStreets creds    ||
			 ++===========================++  --&gt;
		&lt;var:Namespace name="Hello.SmartyStreet"&gt;
			&lt;var:NameValue name="cred.auth-id"&gt;cae776fa-c5a8-4305-84b0-814c696fef2e&lt;/var:NameValue&gt;
			&lt;!-- qTLRa7gwtkIDYpYrD2ED --&gt;
			&lt;var:NameValue encrypted="false" name="cred.auth-token"&gt;qTLRa7gwtkIDYpYrD2ED&lt;/var:NameValue&gt;
		&lt;/var:Namespace&gt;
		&lt;var:ForceLogging&gt;true&lt;/var:ForceLogging&gt;
	&lt;/var:VariablesPolicy&gt;
&lt;/wsp:Policy&gt;]]&gt;</ns10:Contents></ns10:PolicyConfigurationAsString></ns10:Policy></ns8:ExportPolicy></ns8:ExportObjectConfiguration><ns8:ExportObjectConfiguration><ns2:PolicyKey><ns2:Key>urn:uuid:3ffeee01-b93e-11e4-af71-ed37aa118edd</ns2:Key></ns2:PolicyKey><ns8:ExportPolicy><ns10:Policy PolicyName="SmartyStreet_SecurityPolicy"><ns10:PolicyKey>urn:uuid:3ffeee01-b93e-11e4-af71-ed37aa118edd</ns10:PolicyKey><ns10:OrganizationKey>uddi:002f2877-b3cf-11e4-afde-a0315094459e</ns10:OrganizationKey><ns10:PolicyType>Operational Policy</ns10:PolicyType><ns10:PolicySubType>pso.openapi.xopscript.policy</ns10:PolicySubType><ns10:Description>This is to authenticate a consumer in an integration to smarty street</ns10:Description><ns10:ReadOnly>false</ns10:ReadOnly><ns10:LocalPolicy>false</ns10:LocalPolicy><ns10:LastUpdatedTime>2015-02-20T22:14:24Z</ns10:LastUpdatedTime><ns10:PolicyConfigurationAsString><ns10:Contents>&lt;![CDATA[&lt;?xml version="1.0" encoding="UTF-8"?&gt;
&lt;wsp:Policy visibility="public" xmlns:wsp="http://schemas.xmlsoap.org/ws/2004/09/policy"&gt;&lt;ns2:XScriptedPolicy xmlns:ns2="http://soa.com/pso/openapi/policy/opscripts/1.0/"&gt;&lt;ns2:Script&gt;//! import OpenAPI-Common
// *************************************************************
// *************************************************************
// **
// **  Operational Script Policy (Consumer-side)
// **
// **  Add security elements to requests going to the
// **  SmartyStreets API operations
// **
// **  This policy should be attached to all SmartyStreets
// **  API operations
// **
// *************************************************************
// *************************************************************

//must be a global variable to post handler status
success = true;

var token, msg, work;

if (messageContext.getParameterType() == 0) {
	//testing systemLog.error("&amp;lt;&amp;lt;&amp;lt;&amp;lt; SmartyStreet Auth Policy &amp;gt;&amp;gt;&amp;gt;&amp;gt;");
	auditLog.debug("SmartyStreet Auth Policy");

	work = String(OpenAPI.vars.get("Hello.SmartyStreet", "cred.auth-id"));
	token = String(OpenAPI.vars.get("Hello.SmartyStreet", "cred.auth-token"));
	token = "auth-id="+work
	      + "&amp;amp;auth-token="+token;
	msg = messageContext.getMessage();
	work = msg.getProperty(OpenAPI.MessageProperties.HTTP_QUERY_STRING);
	if (work) {
		work = token + "&amp;amp;" + String(work);
	} else {
		work = token;
	}
	msg.setProperty(OpenAPI.MessageProperties.HTTP_QUERY_STRING, new java.lang.String(work));
}
/*return*/success;&lt;/ns2:Script&gt;&lt;ns2:ScriptEngine&gt;js&lt;/ns2:ScriptEngine&gt;&lt;ns2:Provider&gt;false&lt;/ns2:Provider&gt;&lt;ns2:Consumer&gt;true&lt;/ns2:Consumer&gt;&lt;ns2:Imports&gt;&lt;ns2:ScriptKey&gt;script:8b175397-b93e-11e4-af71-ed37aa118edd&lt;/ns2:ScriptKey&gt;&lt;/ns2:Imports&gt;&lt;/ns2:XScriptedPolicy&gt;&lt;/wsp:Policy&gt;]]&gt;</ns10:Contents></ns10:PolicyConfigurationAsString></ns10:Policy></ns8:ExportPolicy></ns8:ExportObjectConfiguration><ns8:ExportObjectConfiguration><ns2:IdentityKey><ns2:Key>Local Domain\EfMy2usyKRDifzj1IdbZbw==</ns2:Key><ns2:DomainName>Local Domain</ns2:DomainName><ns2:UserName>EfMy2usyKRDifzj1IdbZbw==</ns2:UserName></ns2:IdentityKey><ns8:ExportUserIdentity><ns15:User DomainName="Local Domain" UserName="EfMy2usyKRDifzj1IdbZbw=="><ns15:FullName>Service: uddi:b9ebdbaf-b94d-11e4-af71-ed37aa118edd</ns15:FullName><ns15:IdentityKey>urn:uuid:b9ec9f00-b94d-11e4-af71-ed37aa118edd</ns15:IdentityKey><ns15:Password>Y0Q50Mrgybvw/5j7TSXDnHC/QN34z5oJ6TV0wGav+ZQKUti8otPuZCmNPxfhheSZTjrYvGGcvYz9kQrd3i6XQw==</ns15:Password><ns15:Disabled>false</ns15:Disabled><ns15:ForcePwdResetOnNextLogin>false</ns15:ForcePwdResetOnNextLogin><ns15:Expired>false</ns15:Expired><ns15:ReadOnly>true</ns15:ReadOnly><ns15:PasswordFrmSeed>0</ns15:PasswordFrmSeed><ns15:OrganizationKey>uddi:soa.com:registryorganization</ns15:OrganizationKey><ns15:PasswordSalt>uPF1qeuA5exOveAJLXOQv1LjIZtfPC9a1C8bLYZWo32dcIuaaTMQyAASTMivRHJIXLvTpgaBa5vIDJAfIiXA7Q==</ns15:PasswordSalt></ns15:User><ns8:PKIGenerated>true</ns8:PKIGenerated></ns8:ExportUserIdentity></ns8:ExportObjectConfiguration><ns8:ExportObjectConfiguration><ns2:IdentityKey><ns2:Key>Local Domain\EwWzwgb4TEBcSd14WT#tHA==</ns2:Key><ns2:DomainName>Local Domain</ns2:DomainName><ns2:UserName>EwWzwgb4TEBcSd14WT#tHA==</ns2:UserName></ns2:IdentityKey><ns8:ExportUserIdentity><ns15:User DomainName="Local Domain" UserName="EwWzwgb4TEBcSd14WT#tHA=="><ns15:FullName>Service: uddi:3554b9c3-b94e-11e4-af71-ed37aa118edd</ns15:FullName><ns15:IdentityKey>urn:uuid:35557d14-b94e-11e4-af71-ed37aa118edd</ns15:IdentityKey><ns15:Password>rtRjRf77GGRegZPyP2oBQrDYwRzEKfBiPXz9tpk+Gn8uSZg1awcsln6p3aBNCf3yPWc+7RhTfT3ZDsfy7rrOmQ==</ns15:Password><ns15:Disabled>false</ns15:Disabled><ns15:ForcePwdResetOnNextLogin>false</ns15:ForcePwdResetOnNextLogin><ns15:Expired>false</ns15:Expired><ns15:ReadOnly>true</ns15:ReadOnly><ns15:PasswordFrmSeed>0</ns15:PasswordFrmSeed><ns15:OrganizationKey>uddi:soa.com:registryorganization</ns15:OrganizationKey><ns15:PasswordSalt>rYc9iBDhyLi0Rw2mcWFJuCGZ+jYOOY3Lmgtq0UKyxVbJ55l8aUoyXjnQAXrcxRPs19kurtRU3nUf+Z/agIfEEg==</ns15:PasswordSalt></ns15:User><ns8:PKIGenerated>true</ns8:PKIGenerated></ns8:ExportUserIdentity></ns8:ExportObjectConfiguration><ns8:ExportObjectConfiguration><ns2:IdentityKey><ns2:Key>Local Domain\rtb4vY8AhrR3gvHpBKanpQ==</ns2:Key><ns2:DomainName>Local Domain</ns2:DomainName><ns2:UserName>rtb4vY8AhrR3gvHpBKanpQ==</ns2:UserName></ns2:IdentityKey><ns8:ExportUserIdentity><ns15:User DomainName="Local Domain" UserName="rtb4vY8AhrR3gvHpBKanpQ=="><ns15:FullName>Service: uddi:3587146b-b94e-11e4-af71-ed37aa118edd</ns15:FullName><ns15:IdentityKey>urn:uuid:358825dc-b94e-11e4-af71-ed37aa118edd</ns15:IdentityKey><ns15:Password>2Dwqyj61CSd2jaygdcC5R/gSQvkqHQOL9AqWZzT597ZiaaCaKCoFNbMWSJyHeTwf86UEHF5vHauzEHJ7mHSRfw==</ns15:Password><ns15:Disabled>false</ns15:Disabled><ns15:ForcePwdResetOnNextLogin>false</ns15:ForcePwdResetOnNextLogin><ns15:Expired>false</ns15:Expired><ns15:ReadOnly>true</ns15:ReadOnly><ns15:PasswordFrmSeed>0</ns15:PasswordFrmSeed><ns15:OrganizationKey>uddi:soa.com:registryorganization</ns15:OrganizationKey><ns15:PasswordSalt>NLwN7cTOzVoftwXCiSl+VISeFJZOCLByvj8LBaJ2cUtvS/7/B2DWpZb39Ya996J6CCh0HZLKhsmI+x5wg0pXZQ==</ns15:PasswordSalt></ns15:User><ns8:PKIGenerated>true</ns8:PKIGenerated></ns8:ExportUserIdentity></ns8:ExportObjectConfiguration></ns8:ExportConfiguration>