<?xml version="1.0" encoding="UTF-8"?>
<ActivityGraph xmlns="http://soa.com/uri/products/activity/graph/xsd/1.0"><PositionElements><Position ActivityName="Receive"><XPosition>100</XPosition><YPosition>100</YPosition></Position><Position ActivityName="InvokeSmartyStreets"><XPosition>165</XPosition><YPosition>87.5</YPosition></Position><Position ActivityName="HelloWorld"><XPosition>304</XPosition><YPosition>207</YPosition></Position><Position ActivityName="Reply"><XPosition>550</XPosition><YPosition>90</YPosition></Position></PositionElements></ActivityGraph>