<?xml version="1.0" encoding="UTF-8"?>
<process name="GET__validateStreet" ns2:processKey="bpel:35a17a42-b94e-11e4-af71-ed37aa118edd" targetNamespace="https://localhost:9901/helloworld" xmlns="http://schemas.xmlsoap.org/ws/2003/03/business-process/" xmlns:ns10="http://soa.com/capabilities/service/virtualization/bpel/activity" xmlns:ns2="http://soa.com/bpel/ext" xmlns:ns3="http://soa.com/capabilities/service/virtualization/bpel" xmlns:ns4="http://schemas.xmlsoap.org/ws/2004/09/mex" xmlns:ns5="http://schemas.xmlsoap.org/ws/2006/02/addressingidentity" xmlns:ns6="http://www.w3.org/2000/09/xmldsig#" xmlns:ns7="http://docs.oasis-open.org/wss/2004/01/oasis-200401-wss-wssecurity-secext-1.0.xsd" xmlns:ns8="http://docs.oasis-open.org/wss/2004/01/oasis-200401-wss-wssecurity-utility-1.0.xsd" xmlns:ns9="http://schemas.xmlsoap.org/ws/2003/05/partner-link/"><ns9:partnerLinkType name="SmartyStreets_HelloWorldIntegration_PortTypeProvider"><ns9:role name="Provider"><ns9:portType name="ns11:SmartyStreets_HelloWorldIntegration_PortType" xmlns:ns11="https://localhost:9901/helloworld"/></ns9:role></ns9:partnerLinkType><ns9:partnerLinkType name="SmartyStreets_HelloWorldIntegration_PortTypeConsumer"><ns9:role name="Consumer"><ns9:portType name="ns11:SmartyStreets_HelloWorldIntegration_PortType" xmlns:ns11="https://localhost:9901/helloworld"/></ns9:role></ns9:partnerLinkType><ns9:partnerLinkType name="SmartyStreets_PortTypeConsumer"><ns9:role name="Consumer"><ns9:portType name="ns11:SmartyStreets_PortType" xmlns:ns11="https://api.smartystreets.com"/></ns9:role></ns9:partnerLinkType><ns9:partnerLinkType name="ActivityPortTypeConsumer"><ns9:role name="Consumer"><ns9:portType name="ns10:ActivityPortType"/></ns9:role></ns9:partnerLinkType><ns10:Activities><ns10:Activity ActivityType="ns11:ScriptedActivity" LastUpdated="1424470962350" Name="HelloWorld" xmlns:ns11="http://soa.com/uri/products/activity/script/xsd/1.0"><ns2:ScriptedActivity xmlns="http://soa.com/uri/products/activity/audit/xsd/1.0" xmlns:ns2="http://soa.com/uri/products/activity/script/xsd/1.0" xmlns:ns3="http://soa.com/uri/products/activity/stripxml/xsd/1.0" xmlns:ns4="http://soa.com/uri/products/activity/xform/xsd/1.0" xmlns:ns5="http://soa.com/uri/products/activity/process/xsd/1.0" xmlns:ns6="http://soa.com/uri/products/activity/insertxml/xsd/1.0" xmlns:ns7="http://soa.com/uri/products/activity/insertcontent/xsd/1.0"><ns2:Language>js</ns2:Language><ns2:Script>var msg, content;

auditLog.debug("Add success status to API result");

msg = processContext.getVariable("message"),

	content = JSON.parse(String('{"helloworld":"success"}'));	
content.helloWorld = JSON.parse(String(msg.getContentAsString()));

msg.setStringContent(new java.lang.String(JSON.stringify(content)));
</ns2:Script></ns2:ScriptedActivity></ns10:Activity></ns10:Activities><partnerLinks><partnerLink myRole="Provider" name="initial" partnerLinkType="ns11:SmartyStreets_HelloWorldIntegration_PortTypeProvider" xmlns:ns11="https://localhost:9901/helloworld"/><partnerLink myRole="Consumer" name="nextHop" partnerLinkType="ns11:SmartyStreets_HelloWorldIntegration_PortTypeConsumer" xmlns:ns11="https://localhost:9901/helloworld"/><partnerLink myRole="Consumer" name="SmartyStreets_PortTypePartnerLink" partnerLinkType="ns11:SmartyStreets_PortTypeConsumer" xmlns:ns11="https://localhost:9901/helloworld"/><partnerLink myRole="Consumer" name="Activity" partnerLinkType="ns11:ActivityPortTypeConsumer" xmlns:ns11="https://localhost:9901/helloworld"/></partnerLinks><variables><variable messageType="ns11:ActivityMessage" name="message" xmlns:ns11="http://soa.com/process/activity"/><variable messageType="ns11:ActivityMessage" name="fault" xmlns:ns11="http://soa.com/process/activity"/></variables><faultHandlers><catchAll><sequence><reply faultName="ns2:ExistingFault" name="FaultReply" operation="GET__validateStreet" partnerLink="initial" portType="ns11:SmartyStreets_HelloWorldIntegration_PortType" variable="fault" xmlns:ns11="https://localhost:9901/helloworld"/></sequence></catchAll></faultHandlers><sequence><receive createInstance="yes" name="Receive" operation="GET__validateStreet" partnerLink="initial" portType="ns11:SmartyStreets_HelloWorldIntegration_PortType" variable="message" xmlns:ns11="https://localhost:9901/helloworld"/><invoke inputVariable="message" name="InvokeSmartyStreets" operation="GET__street-address" outputVariable="message" partnerLink="SmartyStreets_PortTypePartnerLink" portType="ns11:SmartyStreets_PortType" xmlns:ns11="https://api.smartystreets.com"><ns2:InvocationExt service="ns11:SmartyStreets"><ns2:Audit/></ns2:InvocationExt></invoke><invoke inputVariable="message" name="HelloWorld" operation="invoke" outputVariable="message" partnerLink="Activity" portType="ns10:ActivityPortType"><ns2:InvocationExt endpoint="HelloWorld" propagateExchange="true" service="ns10:ActivityService"/></invoke><reply name="Reply" operation="GET__validateStreet" partnerLink="initial" portType="ns11:SmartyStreets_HelloWorldIntegration_PortType" variable="message" xmlns:ns11="https://localhost:9901/helloworld"/></sequence></process>